,Unnamed: 0,Source,Etype,Destination,TimeStamp,full_date,month_day_yr,month_yr,month,yr,Source_Names,Destination_Names
8882600,86678.0,857138,3,1690582,1503972733,2017-08-29 02:12:13,08/29/2017,08/2017,8,2017,Richard Fox,Meryl Pastuch
24859490,86679.0,1690582,3,981554,1503972733,2017-08-29 02:12:13,08/29/2017,08/2017,8,2017,Meryl Pastuch,Sherrell Biebel
24859502,7967730.0,728286,0,981554,1494178733,2017-05-07 17:38:53,05/07/2017,05/2017,5,2017,Kerstin Belveal,Sherrell Biebel
24859503,8045192.0,728286,0,981554,1494783533,2017-05-14 17:38:53,05/14/2017,05/2017,5,2017,Kerstin Belveal,Sherrell Biebel
24859504,8056251.0,728286,0,981554,1494869933,2017-05-15 17:38:53,05/15/2017,05/2017,5,2017,Kerstin Belveal,Sherrell Biebel
24859505,8067586.0,728286,0,981554,1494956333,2017-05-16 17:38:53,05/16/2017,05/2017,5,2017,Kerstin Belveal,Sherrell Biebel
24859506,8078673.0,728286,0,981554,1495042733,2017-05-17 17:38:53,05/17/2017,05/2017,5,2017,Kerstin Belveal,Sherrell Biebel
24859519,80886.0,1108217,3,728286,1502172333,2017-08-08 06:05:33,08/08/2017,08/2017,8,2017,Lindsy Henion,Kerstin Belveal
24859521,8573104.0,387200,1,728286,1480855133,2016-12-04 12:38:53,12/04/2016,12/2016,12,2016,Augusta Sharp,Kerstin Belveal
24859522,7868322.0,1847246,0,728286,1493401133,2017-04-28 17:38:53,04/28/2017,04/2017,4,2017,Rosalia Larroque,Kerstin Belveal
24859523,7890047.0,1847246,0,728286,1493573933,2017-04-30 17:38:53,04/30/2017,04/2017,4,2017,Rosalia Larroque,Kerstin Belveal
24859524,9411368.0,1847246,0,728286,1505373223,2017-09-14 07:13:43,09/14/2017,09/2017,9,2017,Rosalia Larroque,Kerstin Belveal
24859525,12962751.0,1847246,1,728286,1505673223,2017-09-17 18:33:43,09/17/2017,09/2017,9,2017,Rosalia Larroque,Kerstin Belveal
24859526,9471795.0,1847246,0,728286,1505842733,2017-09-19 17:38:53,09/19/2017,09/2017,9,2017,Rosalia Larroque,Kerstin Belveal
24859527,12997908.0,1847246,1,728286,1505873223,2017-09-20 02:07:03,09/20/2017,09/2017,9,2017,Rosalia Larroque,Kerstin Belveal
24859528,9505338.0,1847246,0,728286,1506101933,2017-09-22 17:38:53,09/22/2017,09/2017,9,2017,Rosalia Larroque,Kerstin Belveal
24859529,9516574.0,1847246,0,728286,1506188333,2017-09-23 17:38:53,09/23/2017,09/2017,9,2017,Rosalia Larroque,Kerstin Belveal
24859530,9539033.0,1847246,0,728286,1506361133,2017-09-25 17:38:53,09/25/2017,09/2017,9,2017,Rosalia Larroque,Kerstin Belveal
24859531,9572493.0,1847246,0,728286,1506620333,2017-09-28 17:38:53,09/28/2017,09/2017,9,2017,Rosalia Larroque,Kerstin Belveal
24859534,8022804.0,981554,0,728286,1494610733,2017-05-12 17:38:53,05/12/2017,05/2017,5,2017,Sherrell Biebel,Kerstin Belveal
24859535,9024789.0,981554,0,728286,1502386733,2017-08-10 17:38:53,08/10/2017,08/2017,8,2017,Sherrell Biebel,Kerstin Belveal
24859536,9192905.0,981554,0,728286,1503682733,2017-08-25 17:38:53,08/25/2017,08/2017,8,2017,Sherrell Biebel,Kerstin Belveal
24859537,9304835.0,981554,0,728286,1504546733,2017-09-04 17:38:53,09/04/2017,09/2017,9,2017,Sherrell Biebel,Kerstin Belveal
24859547,87892.0,1690582,3,1847246,1504372733,2017-09-02 17:18:53,09/02/2017,09/2017,9,2017,Meryl Pastuch,Rosalia Larroque
24859549,9411367.0,728286,0,1847246,1505373223,2017-09-14 07:13:43,09/14/2017,09/2017,9,2017,Kerstin Belveal,Rosalia Larroque
24859550,12910125.0,728286,1,1847246,1505377923,2017-09-14 08:32:03,09/14/2017,09/2017,9,2017,Kerstin Belveal,Rosalia Larroque
24859551,12911657.0,728286,1,1847246,1505386653,2017-09-14 10:57:33,09/14/2017,09/2017,9,2017,Kerstin Belveal,Rosalia Larroque
24859552,9471794.0,728286,0,1847246,1505842733,2017-09-19 17:38:53,09/19/2017,09/2017,9,2017,Kerstin Belveal,Rosalia Larroque
24859553,9476371.0,728286,0,1847246,1505877223,2017-09-20 03:13:43,09/20/2017,09/2017,9,2017,Kerstin Belveal,Rosalia Larroque
24859554,9494205.0,728286,0,1847246,1506015533,2017-09-21 17:38:53,09/21/2017,09/2017,9,2017,Kerstin Belveal,Rosalia Larroque
24859555,9828444.0,728286,0,1847246,1508607533,2017-10-21 17:38:53,10/21/2017,10/2017,10,2017,Kerstin Belveal,Rosalia Larroque
24859556,9850477.0,728286,0,1847246,1508780333,2017-10-23 17:38:53,10/23/2017,10/2017,10,2017,Kerstin Belveal,Rosalia Larroque
24859557,9861436.0,728286,0,1847246,1508866733,2017-10-24 17:38:53,10/24/2017,10/2017,10,2017,Kerstin Belveal,Rosalia Larroque
24859560,10340357.0,387200,0,1847246,1512577793,2017-12-06 16:29:53,12/06/2017,12/2017,12,2017,Augusta Sharp,Rosalia Larroque
25119351,9705993.0,728286,1,387200,1487273933,2017-02-16 19:38:53,02/16/2017,02/2017,2,2017,Kerstin Belveal,Augusta Sharp
0,,1847246,5,2038003,1505882733,2017-09-20 04:45:33,09/20/2017,09/2017,09,2017,Rosalia Larroque,Jenice Savaria
